<?xml version="1.0" encoding="UTF-8" standalone="yes"?>
<addon id="script.bmwdsa" name="Digitale Service Anzeige für BMW" version="1.0.0" provider-name="Steven">
	<requires>
		<import addon="xbmc.python" version="2.14.0"/>
	</requires>
	<extension point="xbmc.service" library="service.py" start="startup" />
	<extension point="xbmc.python.script" library="addon.py">
		<provides>executable</provides>
	</extension>
	<extension point="xbmc.addon.metadata">
		<platform>all</platform>
		<summary lang="en">BMW DSA Ausf. B-2</summary>
		<description lang="de">Digitale Service Anzeige für BMW e46 und e39.</description>
		<license>GNU General Public License, v2</license>
		<language></language>
		<forum>http://www.bmwraspcontrol.de/board/showthread.php?tid=540</forum>
		<source>http://www.bmwraspcontrol.de/board/showthread.php?tid=540</source>
		<website>www.bmwraspcontrol.de</website>
		<email>stevenschacht@gmx.de</email>
		<assets>
			<icon>icon.png</icon>
			<fanart>fanart.jpg</fanart>
			<screenshot>resources/screenshot-01.jpg</screenshot>
			<screenshot>resources/screenshot-02.jpg</screenshot>
			<screenshot>resources/screenshot-03.jpg</screenshot>
		</assets>
		<news>Leichte optische modifikationen, Servie hinzugefügt, Settings hinzugefügt.</news>
	</extension>
</addon>
